FIMbdVN0P2hWkmQp,intersection8
bKdYp0OZYmlCwUXx,apple
B9syDpwL6b8jUTr5,elephant
lUcaUy90isDcKkaV,dog
rQR2DOLJxU0PvrVe,zebra
0EadHpwt7NqUE3tF,intersection6
ec6CEN1AG6X4ak5R,intersection5
hRIvoI33Oa7xIDOI,intersection7
hW1MxHHjXImursr9,intersection9
rbOJ9q0gbBsJPZL3,zebra
qsV0DhXN3LC241ju,banana
b5DkwDPXNFoko7od,zebra
yHdByAY0Vi2YjjSI,kiwi
pf3jrQEEf3ySAk58,banana
0iHyrnwMVysDiKVX,banana
9NJhozLUueNlhZta,intersection1
68Js8cM0GjlvJdV6,intersection2
4klLctxwsBgd6xGZ,intersection3
N6fAjeTIUzagzKoX,cat
Ljzoj2kg8LMKglL3,banana
ryBYbfp5cNjZhV42,zebra
E4ov6ZZCuvWafpbU,bird
om1NPqS2B9Zqeets,zebra
ghlkGKw8ETitGJN2,dog
4MPTCrTL03Ceh3UN,apple
iF7zY15mSofj50l9,bird
NBdX06r173do669o,grape
LElrGrdidGRgHBqc,banana
MR7MVyLdzxP53XsM,zebra
lbE1Qri169iLIWxc,orange
T9JO4EbekQItWapu,intersection4
VtirvuSZeqsXNQKH,intersection0
3MR2fQ0up2BjumPO,orange
d4GHR92vl7is88tB,orange
UKD7kB0YCBF6xcSY,grape
ggn5qp1bxhR3nKEI,bird
cPNLaNrmW6rTjHzN,apple
ynRmaSLV7mYv5kDh,bird
9Y0iwrSSwHudZtyV,dog
ePHDrcixMFsPz357,grape
b5pXxF0rXuU4lSXO,elephant
sobhOHeiWW8UZDbB,grape
GOgDbe26WW8Izfep,elephant
RDWpU9WzfeRDp0M5,dog
O2HxhJ4DqCTns7cH,orange
K67nFbkvFB62BS7X,orange
UMU9gWLUhoHXutoC,kiwi
xtxDUh8jsEj3erY6,dog
D3GrZZLELclDTaOR,banana
TLey1kftwPvaETeP,banana
UsH2RcGnD2yeaM33,elephant
ifzjNfaJ2TrGvUdP,kiwi
MuPoVgZggVIEsMFa,kiwi
1FHNspesJW8CyjZK,dog
ez67ddnJ95V1PkZP,zebra
zompdQhuun4sXeB9,elephant
dHGGt1X2421Umark,cat
MdXx1Dqw0umVYxeB,cat
DsP6rw8uw9OhhDP1,zebra
qwyr9ol8jYdHTGRg,zebra
6qmylush1EOgRnhF,elephant
ie4pSqx9MbPppqWv,dog
gIrRBh7AvVrKHWZz,grape
AeobSkkoJ9b8x71c,zebra
Ot3ZaAhUeWot3MsB,zebra
0ekQMTCfanlYvnAJ,elephant
eBqEKXiy4Vp5rfEp,kiwi
HzFeSRJ2E3Y7qiOU,cat
sCgCiN8msxpjc3Yt,apple
0lVSApTMq1Ugiq8a,banana
3oklBqV3nIkNLGEM,apple
zkm9XFWNFy3vm9Tn,cat
xDW7318oJtBd7Nz7,kiwi
7jEezk1Cg27RBaE9,bird
llEmmMa4DjfJ6eQE,elephant
LeqKNsU1uZS69hDs,dog
SReClEExvtG2VeEr,apple
G49bucdpB3tJk6BA,grape
VqLE2XByPRys3CjK,bird
Erv9RWwcapvIv7RO,elephant
vkcxHoveDtXH3EZG,grape
3UPU1L7ZA0r37IP2,kiwi
210Intw1lRGogp4j,cat
JREIkJrsJhvPzKP0,grape
KPG7HC82cMoIBt1T,orange
IDl3WbvqIpDF7cDR,cat
0TZHefJG25YBwXeF,kiwi
lOIFxB3D0GS6tgXt,orange
94AlkR1kWXtT5Ygo,dog
uw3p7726NUCG8h9G,cat
mH1Wg3EBa7cddIRV,zebra
EVKJcMPzrZExHLD3,bird
dFXHGjSoq4SSKtxY,banana
OIqyeDwTnAR2Tc34,banana
raM5Hmu5pMX9DTgc,dog
lWYNjUpUcEW6qZAg,banana
7UjOHdS6xzFBQtl9,kiwi
PJX7mKbOW8SMfb0l,orange
5k7MLZQJXeUxXF7x,orange
Wc4IudhQj7kPil8o,grape
TF8opX7MBZHioOdL,bird
yfdsHIG0O1N6kVsD,elephant
lzzaW5ufeBLTYzmU,apple
cNLtebu2cF8MlzXU,bird
yX2Scw7E5QhbPR60,bird
pRtT2lVd1bxkaVEW,cat
0GwaC1oFSUrpvvpi,kiwi
Mh9MScxREvBmOPHO,bird
fDypFm3fEuUAnKq7,kiwi
10RRcPtoK4ZiSq45,cat
12vEmwt1oO9bgzif,elephant
x96YYxMq2vWSjYXj,apple
aQxLMpKABRlrORUM,elephant
bau7WEwW8QyrzVaX,apple
wWqILARWbCLyepKD,bird
NCItQEPYfNOcrw9n,apple
Q03l8UFihagJPyUn,grape
AmeYz47cPTEGNL1o,orange
J5ZSZp8ENoVnmxYu,orange
kASjCXJc0XqOqsAA,bird
vjaUWihuUAfE8B8s,kiwi
LYZY6qA4NySBoaLj,kiwi
ItCoZtg31LH9WNzq,grape
wWO2MW6hUXtJ5C2N,apple
6ECf5qh7AwEeIEUE,cat
ksE7OImrnfAtsAGw,apple
NQZQHGVRBk3TwYfg,orange
Qrln9YevBmo3w2xJ,elephant
RXkilF7ux8Ntg0Y5,banana
rJszpUu1Gg2Cg0U7,dog
VEnERs9N1UGhVomK,grape
6cJv6DwMtzZax3fQ,apple
FTeeLl1MGI2j4o3A,grape
RN4XYysQvRysSdIh,grape
6vJSgLmubobdbdm2,apple
yqXWoPwkouaEWrtc,elephant
mD2QWpL7buiCXUCV,banana
Ii275wpupN8LE2xy,orange
DyPjlioMcWZA1jdJ,dog
RfOXaBPPZXilXdik,orange
b7TMnFhNmEVlx92N,orange
mRuMaJj7oPrK3Z4c,zebra
eWxRleoVqKGnRJAD,cat
i2YGLHO8fDSimUIQ,cat
yFpirdDhvUVKldYR,kiwi
g6hzL350EXg02zOy,zebra
EDg4puliME35sbWW,zebra
fBT0DZzR4dQ4co3p,banana
2jtrbcZxrc0hBUBq,elephant
eeprBmGEPeI0TJnV,elephant
1eKcGrY7UYmd1xUf,banana
aJUj5ixSNESqVFJW,grape
tb78SdDu90YAx2pX,orange
JJHM0CoNQHDwUUQM,bird
5XUVAhQKhyUdyIAF,dog
ZPbZcPw0e7u9bLVe,orange
sxA1eYLKUnxS55ff,bird
TGE3dB3IIyPsHsU9,apple
pc8RATleHg4MkjzD,bird
zEGbPHtfDGVU80cv,grape
akMlC6NTkSnU9nf7,orange
ztiMBZzMpVrxTRq3,dog
9CmLIAm1aYVjJBqI,dog
4WeD5bau6PpXofZx,kiwi
qLH6T371bdlsmZAo,dog
6m2BOa4Szr0nXXiN,elephant
qzTI3ZJcA2Vwcdig,orange
OkpmIrCFjA0EhjbY,elephant
i2ojZ7KjApfkQOOo,bird
6DYN3jcmtd0ZMZ54,zebra
Ztm906s8tWqJsE6y,orange
QcLTJwFDZDkvmpxJ,dog
ihSgnJpgndyfs2bG,kiwi
cvjwrw7Q9rJteEAM,banana
wb0jupOfRKKJMvZw,cat
qGqfCx3JmMAQbKkV,zebra
tlEnYaSzukGEep9S,elephant
3z8FvBWfWe65xqaq,zebra
Zmc8L27FnOSRBbtF,grape
YzSRBz7fbDkY1KPb,kiwi
41hP3odoA5DKe7ZA,elephant
4zcFyjsYuc6vuTUz,apple
UBMWyzI62WQebznf,elephant
zPtv6lT0OYtG1MDU,zebra
XayTXGaYm0ALyx1x,cat
KuqQdIOzoGGpcTH7,cat
1FbZWB5G9Fc7Db2X,zebra
Trw67K6vaMkAn0Ip,cat
FtMj2R09eaHr9HNc,zebra
8JgFbm8A6rKurch6,kiwi
T1qTSod6OuwX9H7G,apple
YnV9YcHeTcWKCBQg,zebra
CE7c2khOcdtms02Q,cat
mVXK7pyaPTsbeJFr,cat
VNRW78uijoUbmU1Y,cat
zZq5MpdlGWMupajI,apple
xBo2Hji1VCaFgcme,kiwi
9chVPKEfqaad8Hw3,banana
Qk4iRmhuzH8druF0,cat
UwTuHhZ7G7jMPfQn,orange
NUVnGCfDUnpLf4KA,apple
zl4GRbLfj416hPt5,bird
tNq8ZVJ1J8LyBd8A,banana
OAOnmjQTmSXTpQWj,elephant
lMpJs8K9Hd7SGEad,banana
OyQ8fpbRH8t6XNnG,cat
kaZajujyXoOo0yPP,grape
wnVbc71rDuyiHjzz,grape
KYZ1QGzy3Nk3L9QH,banana
uwqX1rOCjKv14s0M,elephant
QYNrmMnnhVp2cFHW,kiwi
9738xQLgkGfm6e6W,grape
CTLwn6iUbXUBkjiu,elephant
pj2m9LQuZ6efklAu,banana
ETo0aWS93vLme1eT,apple
keFu0gmZmQFUBNOO,elephant
qCMOhoYijrUOs8ra,kiwi
n5SljEKTdXxouLAl,elephant
VW7CLfv2UNOKWGvH,banana
JN22aKVDqQzkjATE,banana
gbPzEI2jfO3BewQv,dog
IQxslQ5bq4JZClmr,banana
MBqYRqF6FHIrDgnV,elephant
7iNq9QRxTiVfTHWn,grape
QLKrBZxOqDE2s1Xz,grape
jtpqHEokuHOOYu9w,dog
DTlN3glrsztkyPjg,banana
IWWXiIIcZgy5Y8zk,orange
bk7cRqUHoN1mmiQ2,banana
ExawDqYlUVq2dqkE,cat
YrpxgJEUeFEPxfR9,kiwi
az5npcYJ7NKiB4wj,cat
ulha2v2h9G66vVGV,orange
VJHKtnc0AuiJyd3q,banana
MiQNdS4kh8pcd566,kiwi
MNPG81EHvvarWdiq,kiwi
L6DxXFfCLUozXs3u,apple
DS8MRKdMDDCjpsY8,bird
wj3RzjdKDSHlIJdW,apple
llsD3TXHgh0TZWcU,kiwi
GfvFOZXaznLH6ynp,orange
hd2k6Y1lF0EnUoHk,elephant
UCxqlTQiEjyKfl7M,dog
NA5Tg4Ct2PgXDxHf,banana
8DWrguaueYCJHJee,grape
Rj67nI1qhfLtdcYl,dog
n4cTxALbiXs0pWcG,elephant
FgM1xLre0AVdm4MY,grape
6zz39LeqqVof1OuH,orange
5GI2b7ebHAD1EZZK,banana
WZMesyUiTIMVgGmj,kiwi
U2l57QeMarNoPv6v,grape
SSZIR30uJKNya7h2,bird
9T7EtkaRbyD0rHuH,banana
kTZ9VZ1osNkQUSTc,orange
tYqkIRBsNMqEdkVL,banana
